detector,rho_px,theta_deg,occ_pct_target,occ_pct_actual,recall_hat,recall_nohat,conf_mean,conf_std,n_gt,n_tp,n_fp,n_gt_hat,n_gt_person,occ_pct_box
yolo26n,48,0,0,0.0,0.9625,0.9374,0.8255,0.1262,1907,1801,626,534,1373,0.0
yolo26n,48,0,15,15.33,0.7884,0.6788,0.7413,0.1747,1907,1353,651,534,1373,15.11
yolo26n,48,0,30,30.48,0.6779,0.3445,0.6704,0.1989,1907,835,716,534,1373,30.32
yolo26n,48,0,45,45.21,0.5468,0.0699,0.6251,0.2129,1907,388,574,534,1373,45.05
yolo26n,48,0,60,60.32,0.1835,0.0,0.5708,0.1893,1907,98,105,534,1373,60.1
yolo26n,48,0,75,75.38,0.0037,0.0,0.4918,0.2199,1907,2,0,534,1373,75.01
yolo26n,48,15,0,0.0,0.9719,0.9315,0.827,0.1247,1907,1798,559,534,1373,0.0
yolo26n,48,15,15,15.33,0.7846,0.6635,0.7431,0.1704,1907,1330,628,534,1373,15.03
yolo26n,48,15,30,30.48,0.6592,0.3234,0.6698,0.2046,1907,796,739,534,1373,30.09
yolo26n,48,15,45,45.21,0.53,0.0634,0.6539,0.2006,1907,370,567,534,1373,44.71
yolo26n,48,15,60,60.32,0.1966,0.0007,0.5335,0.1855,1907,106,85,534,1373,59.69
yolo26n,48,15,75,75.38,0.0037,0.0,0.459,0.1947,1907,2,0,534,1373,74.72
yolo26n,48,30,0,0.0,0.9663,0.9352,0.814,0.136,1907,1800,666,534,1373,0.0
yolo26n,48,30,15,15.33,0.7996,0.6686,0.7434,0.1689,1907,1345,739,534,1373,14.98
yolo26n,48,30,30,30.48,0.691,0.3183,0.677,0.2009,1907,806,746,534,1373,30.2
yolo26n,48,30,45,45.21,0.5487,0.0765,0.6454,0.2025,1907,398,558,534,1373,45.07
yolo26n,48,30,60,60.32,0.1835,0.0007,0.5883,0.1836,1907,99,95,534,1373,60.33
yolo26n,48,30,75,75.38,0.0056,0.0,0.3285,0.0652,1907,3,2,534,1373,75.36
yolo26n,48,45,0,0.0,0.9438,0.8878,0.7938,0.1397,1907,1723,890,534,1373,0.0
yolo26n,48,45,15,15.33,0.7603,0.6052,0.7118,0.1814,1907,1237,1023,534,1373,14.78
yolo26n,48,45,30,30.48,0.6442,0.2717,0.6711,0.1941,1907,717,701,534,1373,29.85
yolo26n,48,45,45,45.21,0.4775,0.0641,0.6345,0.2133,1907,343,533,534,1373,44.65
yolo26n,48,45,60,60.32,0.176,0.0,0.5321,0.1846,1907,94,95,534,1373,59.83
yolo26n,48,45,75,75.38,0.0019,0.0,0.2506,,1907,1,0,534,1373,75.0
yolo26n,48,60,0,0.0,0.7978,0.579,0.7056,0.1824,1907,1221,1077,534,1373,0.0
yolo26n,48,60,15,15.33,0.5356,0.2127,0.659,0.1923,1907,578,809,534,1373,15.07
yolo26n,48,60,30,30.48,0.3577,0.0699,0.6514,0.2,1907,287,545,534,1373,30.19
yolo26n,48,60,45,45.21,0.2266,0.0146,0.5999,0.2017,1907,141,438,534,1373,44.87
yolo26n,48,60,60,60.32,0.0693,0.0,0.496,0.2007,1907,37,106,534,1373,60.0
yolo26n,48,60,75,75.38,0.0,0.0,,,1907,0,2,534,1373,74.92
yolo26n,48,75,0,0.0,0.0524,0.0109,0.5531,0.1975,1907,43,25,534,1373,0.0
yolo26n,48,75,15,15.33,0.0206,0.0029,0.464,0.1399,1907,15,123,534,1373,15.09
yolo26n,48,75,30,30.48,0.0,0.0,,,1907,0,96,534,1373,30.15
yolo26n,48,75,45,45.21,0.0,0.0,,,1907,0,102,534,1373,44.77
yolo26n,48,75,60,60.32,0.0,0.0,,,1907,0,13,534,1373,59.7
yolo26n,48,75,75,75.38,0.0,0.0,,,1907,0,1,534,1373,74.67
yolo26n,32,0,0,0.0,0.97,0.9381,0.8183,0.1364,1907,1806,619,534,1373,0.0
yolo26n,32,0,15,15.33,0.7397,0.6438,0.7259,0.1768,1907,1279,630,534,1373,15.11
yolo26n,32,0,30,30.48,0.6255,0.3117,0.6567,0.1949,1907,762,631,534,1373,30.32
yolo26n,32,0,45,45.21,0.47,0.0575,0.6199,0.2064,1907,330,455,534,1373,45.05
yolo26n,32,0,60,60.32,0.1273,0.0007,0.5327,0.1775,1907,69,60,534,1373,60.1
yolo26n,32,0,75,75.38,0.0019,0.0,0.6135,,1907,1,0,534,1373,75.01
yolo26n,32,15,0,0.0,0.9663,0.9337,0.8183,0.1337,1907,1798,554,534,1373,0.0
yolo26n,32,15,15,15.33,0.7472,0.6315,0.7268,0.1741,1907,1266,642,534,1373,15.03
yolo26n,32,15,30,30.48,0.6311,0.2957,0.658,0.204,1907,743,647,534,1373,30.09
yolo26n,32,15,45,45.21,0.4831,0.059,0.6286,0.2071,1907,339,454,534,1373,44.71
yolo26n,32,15,60,60.32,0.1348,0.0007,0.5231,0.1869,1907,73,59,534,1373,59.69
yolo26n,32,15,75,75.38,0.0019,0.0,0.5286,,1907,1,0,534,1373,74.72
yolo26n,32,30,0,0.0,0.97,0.9345,0.8108,0.1372,1907,1801,636,534,1373,0.0
yolo26n,32,30,15,15.33,0.7678,0.646,0.7264,0.1732,1907,1297,707,534,1373,14.98
yolo26n,32,30,30,30.48,0.6498,0.2993,0.6596,0.197,1907,758,677,534,1373,30.2
yolo26n,32,30,45,45.21,0.4869,0.0699,0.6261,0.2028,1907,356,451,534,1373,45.07
yolo26n,32,30,60,60.32,0.1461,0.0007,0.5482,0.1909,1907,79,76,534,1373,60.33
yolo26n,32,30,75,75.38,0.0,0.0,,,1907,0,2,534,1373,75.36
yolo26n,32,45,0,0.0,0.9419,0.8784,0.7914,0.1391,1907,1709,847,534,1373,0.0
yolo26n,32,45,15,15.33,0.7004,0.5856,0.706,0.1788,1907,1178,953,534,1373,14.78
yolo26n,32,45,30,30.48,0.6086,0.2651,0.6532,0.1984,1907,689,616,534,1373,29.85
yolo26n,32,45,45,45.21,0.4438,0.0583,0.6161,0.2107,1907,317,454,534,1373,44.65
yolo26n,32,45,60,60.32,0.1292,0.0,0.5285,0.1728,1907,69,76,534,1373,59.83
yolo26n,32,45,75,75.38,0.0,0.0,,,1907,0,0,534,1373,75.0
yolo26n,32,60,0,0.0,0.7772,0.5645,0.7057,0.1809,1907,1190,997,534,1373,0.0
yolo26n,32,60,15,15.33,0.4775,0.1916,0.6546,0.1895,1907,518,718,534,1373,15.07
yolo26n,32,60,30,30.48,0.309,0.0605,0.6508,0.1897,1907,248,489,534,1373,30.19
yolo26n,32,60,45,45.21,0.1798,0.0109,0.5853,0.2108,1907,111,354,534,1373,44.87
yolo26n,32,60,60,60.32,0.0487,0.0,0.4759,0.1866,1907,26,79,534,1373,60.0
yolo26n,32,60,75,75.38,0.0,0.0,,,1907,0,1,534,1373,74.92
yolo26n,32,75,0,0.0,0.0375,0.0109,0.5194,0.2102,1907,35,18,534,1373,0.0
yolo26n,32,75,15,15.33,0.0094,0.0022,0.4589,0.1732,1907,8,93,534,1373,15.09
yolo26n,32,75,30,30.48,0.0,0.0,,,1907,0,67,534,1373,30.15
yolo26n,32,75,45,45.21,0.0,0.0,,,1907,0,61,534,1373,44.77
yolo26n,32,75,60,60.32,0.0,0.0,,,1907,0,8,534,1373,59.7
yolo26n,32,75,75,75.38,0.0,0.0,,,1907,0,1,534,1373,74.67
yolo26n,24,0,0,0.0,0.9551,0.9337,0.8173,0.1293,1907,1792,611,534,1373,0.0
yolo26n,24,0,15,15.33,0.6966,0.5827,0.7034,0.1831,1907,1172,613,534,1373,15.11
yolo26n,24,0,30,30.48,0.5861,0.2717,0.6314,0.2046,1907,686,546,534,1373,30.32
yolo26n,24,0,45,45.21,0.4139,0.043,0.6108,0.2014,1907,280,342,534,1373,45.05
yolo26n,24,0,60,60.32,0.0843,0.0007,0.4834,0.1872,1907,46,34,534,1373,60.1
yolo26n,24,0,75,75.38,0.0019,0.0,0.3554,,1907,1,0,534,1373,75.01
yolo26n,24,15,0,0.0,0.9588,0.9315,0.8112,0.1395,1907,1791,556,534,1373,0.0
yolo26n,24,15,15,15.33,0.691,0.5812,0.704,0.1836,1907,1167,630,534,1373,15.03
yolo26n,24,15,30,30.48,0.5974,0.2462,0.648,0.2004,1907,657,560,534,1373,30.09
yolo26n,24,15,45,45.21,0.4157,0.0466,0.6204,0.1966,1907,286,357,534,1373,44.71
yolo26n,24,15,60,60.32,0.0899,0.0,0.5096,0.1608,1907,48,39,534,1373,59.69
yolo26n,24,15,75,75.38,0.0019,0.0,0.3438,,1907,1,0,534,1373,74.72
yolo26n,24,30,0,0.0,0.9532,0.9294,0.8095,0.1341,1907,1785,623,534,1373,0.0
yolo26n,24,30,15,15.33,0.7172,0.6052,0.7088,0.1764,1907,1214,656,534,1373,14.98
yolo26n,24,30,30,30.48,0.6049,0.2688,0.6371,0.1988,1907,692,578,534,1373,30.2
yolo26n,24,30,45,45.21,0.4157,0.059,0.6009,0.2069,1907,303,374,534,1373,45.07
yolo26n,24,30,60,60.32,0.0993,0.0,0.5485,0.1806,1907,53,50,534,1373,60.33
yolo26n,24,30,75,75.38,0.0,0.0,,,1907,0,0,534,1373,75.36
yolo26n,24,45,0,0.0,0.9363,0.8718,0.7839,0.146,1907,1697,842,534,1373,0.0
yolo26n,24,45,15,15.33,0.6554,0.5499,0.6891,0.183,1907,1105,878,534,1373,14.78
yolo26n,24,45,30,30.48,0.5487,0.2403,0.6411,0.1975,1907,623,552,534,1373,29.85
yolo26n,24,45,45,45.21,0.3689,0.0495,0.6115,0.2052,1907,265,375,534,1373,44.65
yolo26n,24,45,60,60.32,0.0861,0.0,0.5255,0.1772,1907,46,57,534,1373,59.83
yolo26n,24,45,75,75.38,0.0,0.0,,,1907,0,0,534,1373,75.0
yolo26n,24,60,0,0.0,0.7547,0.5521,0.6943,0.1864,1907,1161,911,534,1373,0.0
yolo26n,24,60,15,15.33,0.4195,0.1661,0.6402,0.1888,1907,452,623,534,1373,15.07
yolo26n,24,60,30,30.48,0.2809,0.0524,0.6352,0.1829,1907,222,402,534,1373,30.19
yolo26n,24,60,45,45.21,0.1404,0.0058,0.5964,0.1888,1907,83,286,534,1373,44.87
yolo26n,24,60,60,60.32,0.03,0.0,0.4677,0.1749,1907,16,65,534,1373,60.0
yolo26n,24,60,75,75.38,0.0,0.0,,,1907,0,0,534,1373,74.92
yolo26n,24,75,0,0.0,0.0262,0.0087,0.5519,0.2148,1907,26,13,534,1373,0.0
yolo26n,24,75,15,15.33,0.0037,0.0015,0.5307,0.1872,1907,4,63,534,1373,15.09
yolo26n,24,75,30,30.48,0.0,0.0,,,1907,0,49,534,1373,30.15
yolo26n,24,75,45,45.21,0.0,0.0,,,1907,0,50,534,1373,44.77
yolo26n,24,75,60,60.32,0.0,0.0,,,1907,0,5,534,1373,59.7
yolo26n,24,75,75,75.38,0.0,0.0,,,1907,0,0,534,1373,74.67
yolo26n,16,0,0,0.0,0.9307,0.9192,0.8016,0.1427,1907,1759,577,534,1373,0.0
yolo26n,16,0,15,15.33,0.5637,0.4202,0.6665,0.1904,1907,878,556,534,1373,15.11
yolo26n,16,0,30,30.48,0.4775,0.1697,0.6162,0.1985,1907,488,390,534,1373,30.32
yolo26n,16,0,45,45.21,0.294,0.0233,0.5617,0.1947,1907,189,166,534,1373,45.05
yolo26n,16,0,60,60.32,0.03,0.0007,0.42,0.1726,1907,17,15,534,1373,60.1
yolo26n,16,0,75,75.38,0.0,0.0,,,1907,0,0,534,1373,75.01
yolo26n,16,15,0,0.0,0.9307,0.909,0.8032,0.1372,1907,1745,543,534,1373,0.0
yolo26n,16,15,15,15.33,0.5674,0.4268,0.6731,0.184,1907,889,582,534,1373,15.03
yolo26n,16,15,30,30.48,0.4813,0.1602,0.6176,0.1988,1907,477,406,534,1373,30.09
yolo26n,16,15,45,45.21,0.2884,0.0299,0.5766,0.1924,1907,195,181,534,1373,44.71
yolo26n,16,15,60,60.32,0.0375,0.0,0.438,0.1553,1907,20,14,534,1373,59.69
yolo26n,16,15,75,75.38,0.0,0.0,,,1907,0,0,534,1373,74.72
yolo26n,16,30,0,0.0,0.9288,0.9111,0.7958,0.1424,1907,1747,633,534,1373,0.0
yolo26n,16,30,15,15.33,0.588,0.4669,0.675,0.1819,1907,955,584,534,1373,14.98
yolo26n,16,30,30,30.48,0.4906,0.1923,0.6185,0.1931,1907,526,403,534,1373,30.2
yolo26n,16,30,45,45.21,0.294,0.0364,0.5775,0.1922,1907,207,215,534,1373,45.07
yolo26n,16,30,60,60.32,0.0543,0.0,0.49,0.1554,1907,29,14,534,1373,60.33
yolo26n,16,30,75,75.38,0.0,0.0,,,1907,0,0,534,1373,75.36
yolo26n,16,45,0,0.0,0.9232,0.8616,0.7721,0.1525,1907,1676,787,534,1373,0.0
yolo26n,16,45,15,15.33,0.5524,0.4304,0.6602,0.1894,1907,886,662,534,1373,14.78
yolo26n,16,45,30,30.48,0.4663,0.177,0.611,0.1947,1907,492,374,534,1373,29.85
yolo26n,16,45,45,45.21,0.2753,0.0291,0.5828,0.1869,1907,187,213,534,1373,44.65
yolo26n,16,45,60,60.32,0.0412,0.0,0.4697,0.1496,1907,22,27,534,1373,59.83
yolo26n,16,45,75,75.38,0.0,0.0,,,1907,0,0,534,1373,75.0
yolo26n,16,60,0,0.0,0.6948,0.5033,0.6768,0.1886,1907,1062,712,534,1373,0.0
yolo26n,16,60,15,15.33,0.3015,0.1194,0.6275,0.1805,1907,325,425,534,1373,15.07
yolo26n,16,60,30,30.48,0.2041,0.0364,0.5896,0.1931,1907,159,244,534,1373,30.19
yolo26n,16,60,45,45.21,0.0993,0.0044,0.5501,0.1636,1907,59,167,534,1373,44.87
yolo26n,16,60,60,60.32,0.015,0.0,0.4481,0.1717,1907,8,31,534,1373,60.0
yolo26n,16,60,75,75.38,0.0,0.0,,,1907,0,0,534,1373,74.92
yolo26n,16,75,0,0.0,0.0131,0.0073,0.5428,0.2382,1907,17,8,534,1373,0.0
yolo26n,16,75,15,15.33,0.0037,0.0007,0.5572,0.1303,1907,3,30,534,1373,15.09
yolo26n,16,75,30,30.48,0.0,0.0,,,1907,0,23,534,1373,30.15
yolo26n,16,75,45,45.21,0.0,0.0,,,1907,0,20,534,1373,44.77
yolo26n,16,75,60,60.32,0.0,0.0,,,1907,0,3,534,1373,59.7
yolo26n,16,75,75,75.38,0.0,0.0,,,1907,0,0,534,1373,74.67
yolo26n,12,0,0,0.0,0.897,0.8835,0.7846,0.1488,1907,1692,552,534,1373,0.0
yolo26n,12,0,15,15.33,0.4719,0.2804,0.6348,0.1936,1907,637,421,534,1373,15.11
yolo26n,12,0,30,30.48,0.3933,0.1034,0.5896,0.1942,1907,352,235,534,1373,30.32
yolo26n,12,0,45,45.21,0.1948,0.0146,0.5396,0.18,1907,124,93,534,1373,45.05
yolo26n,12,0,60,60.32,0.0075,0.0,0.503,0.0781,1907,4,8,534,1373,60.1
yolo26n,12,0,75,75.38,0.0,0.0,,,1907,0,0,534,1373,75.01
yolo26n,12,15,0,0.0,0.8989,0.8769,0.7836,0.1494,1907,1684,543,534,1373,0.0
yolo26n,12,15,15,15.33,0.4813,0.2782,0.6437,0.1878,1907,639,420,534,1373,15.03
yolo26n,12,15,30,30.48,0.412,0.0947,0.5869,0.1998,1907,350,236,534,1373,30.09
yolo26n,12,15,45,45.21,0.2041,0.0138,0.5326,0.1757,1907,128,96,534,1373,44.71
yolo26n,12,15,60,60.32,0.0112,0.0,0.3774,0.1323,1907,6,7,534,1373,59.69
yolo26n,12,15,75,75.38,0.0,0.0,,,1907,0,0,534,1373,74.72
yolo26n,12,30,0,0.0,0.9007,0.8733,0.7794,0.1502,1907,1680,595,534,1373,0.0
yolo26n,12,30,15,15.33,0.5056,0.319,0.6351,0.1937,1907,708,435,534,1373,14.98
yolo26n,12,30,30,30.48,0.4213,0.1151,0.5856,0.1944,1907,383,266,534,1373,30.2
yolo26n,12,30,45,45.21,0.2022,0.0197,0.5657,0.1748,1907,135,118,534,1373,45.07
yolo26n,12,30,60,60.32,0.0281,0.0,0.5316,0.1689,1907,15,8,534,1373,60.33
yolo26n,12,30,75,75.38,0.0,0.0,,,1907,0,0,534,1373,75.36
yolo26n,12,45,0,0.0,0.8633,0.8201,0.7568,0.1573,1907,1587,695,534,1373,0.0
yolo26n,12,45,15,15.33,0.4551,0.3023,0.633,0.1929,1907,658,422,534,1373,14.78
yolo26n,12,45,30,30.48,0.3708,0.11,0.5858,0.1949,1907,349,219,534,1373,29.85
yolo26n,12,45,45,45.21,0.1985,0.0146,0.5564,0.177,1907,126,114,534,1373,44.65
yolo26n,12,45,60,60.32,0.0169,0.0,0.481,0.1452,1907,9,15,534,1373,59.83
yolo26n,12,45,75,75.38,0.0,0.0,,,1907,0,0,534,1373,75.0
yolo26n,12,60,0,0.0,0.5712,0.4217,0.6683,0.1888,1907,884,516,534,1373,0.0
yolo26n,12,60,15,15.33,0.2228,0.0743,0.5961,0.1874,1907,221,255,534,1373,15.07
yolo26n,12,60,30,30.48,0.1348,0.0255,0.5487,0.1902,1907,107,128,534,1373,30.19
yolo26n,12,60,45,45.21,0.0562,0.0007,0.4928,0.1765,1907,31,74,534,1373,44.87
yolo26n,12,60,60,60.32,0.0094,0.0,0.3672,0.1309,1907,5,17,534,1373,60.0
yolo26n,12,60,75,75.38,0.0,0.0,,,1907,0,0,534,1373,74.92
yolo26n,12,75,0,0.0,0.0094,0.0044,0.6159,0.2343,1907,11,7,534,1373,0.0
yolo26n,12,75,15,15.33,0.0019,0.0,0.509,,1907,1,14,534,1373,15.09
yolo26n,12,75,30,30.48,0.0,0.0,,,1907,0,10,534,1373,30.15
yolo26n,12,75,45,45.21,0.0,0.0,,,1907,0,9,534,1373,44.77
yolo26n,12,75,60,60.32,0.0,0.0,,,1907,0,1,534,1373,59.7
yolo26n,12,75,75,75.38,0.0,0.0,,,1907,0,0,534,1373,74.67
yolo26n,8,0,0,0.0,0.794,0.7524,0.745,0.1644,1907,1457,405,534,1373,0.0
yolo26n,8,0,15,15.33,0.2996,0.0794,0.602,0.1976,1907,269,132,534,1373,15.11
yolo26n,8,0,30,30.48,0.2191,0.0313,0.5545,0.1803,1907,160,77,534,1373,30.32
yolo26n,8,0,45,45.21,0.0787,0.0044,0.4856,0.1637,1907,48,31,534,1373,45.05
yolo26n,8,0,60,60.32,0.0019,0.0,0.2643,,1907,1,3,534,1373,60.1
yolo26n,8,0,75,75.38,0.0,0.0,,,1907,0,0,534,1373,75.01
yolo26n,8,15,0,0.0,0.8052,0.7444,0.7349,0.1712,1907,1452,386,534,1373,0.0
yolo26n,8,15,15,15.33,0.3071,0.0932,0.597,0.1962,1907,292,157,534,1373,15.03
yolo26n,8,15,30,30.48,0.2303,0.0291,0.5486,0.1909,1907,163,82,534,1373,30.09
yolo26n,8,15,45,45.21,0.1049,0.0051,0.4736,0.1453,1907,63,28,534,1373,44.71
yolo26n,8,15,60,60.32,0.0019,0.0,0.4316,,1907,1,2,534,1373,59.69
yolo26n,8,15,75,75.38,0.0,0.0,,,1907,0,0,534,1373,74.72
yolo26n,8,30,0,0.0,0.7865,0.7473,0.7364,0.1679,1907,1446,429,534,1373,0.0
yolo26n,8,30,15,15.33,0.3071,0.1092,0.6122,0.1908,1907,314,135,534,1373,14.98
yolo26n,8,30,30,30.48,0.2322,0.0342,0.5595,0.1945,1907,171,77,534,1373,30.2
yolo26n,8,30,45,45.21,0.0899,0.008,0.52,0.1619,1907,59,30,534,1373,45.07
yolo26n,8,30,60,60.32,0.0075,0.0,0.4456,0.1116,1907,4,1,534,1373,60.33
yolo26n,8,30,75,75.38,0.0,0.0,,,1907,0,0,534,1373,75.36
yolo26n,8,45,0,0.0,0.7247,0.6708,0.7183,0.1703,1907,1308,435,534,1373,0.0
yolo26n,8,45,15,15.33,0.294,0.1042,0.5919,0.1855,1907,300,163,534,1373,14.78
yolo26n,8,45,30,30.48,0.2135,0.0371,0.5663,0.1842,1907,165,88,534,1373,29.85
yolo26n,8,45,45,45.21,0.0918,0.0058,0.4661,0.1703,1907,57,47,534,1373,44.65
yolo26n,8,45,60,60.32,0.0056,0.0,0.3526,0.0621,1907,3,2,534,1373,59.83
yolo26n,8,45,75,75.38,0.0,0.0,,,1907,0,0,534,1373,75.0
yolo26n,8,60,0,0.0,0.4007,0.2411,0.6545,0.1852,1907,545,195,534,1373,0.0
yolo26n,8,60,15,15.33,0.1067,0.0255,0.5758,0.1857,1907,92,85,534,1373,15.07
yolo26n,8,60,30,30.48,0.0543,0.0058,0.5372,0.219,1907,37,43,534,1373,30.19
yolo26n,8,60,45,45.21,0.0281,0.0,0.4244,0.1636,1907,15,26,534,1373,44.87
yolo26n,8,60,60,60.32,0.0037,0.0,0.3172,0.0175,1907,2,2,534,1373,60.0
yolo26n,8,60,75,75.38,0.0,0.0,,,1907,0,0,534,1373,74.92
yolo26n,8,75,0,0.0,0.0056,0.0029,0.6019,0.222,1907,7,3,534,1373,0.0
yolo26n,8,75,15,15.33,0.0,0.0,,,1907,0,5,534,1373,15.09
yolo26n,8,75,30,30.48,0.0,0.0,,,1907,0,4,534,1373,30.15
yolo26n,8,75,45,45.21,0.0,0.0,,,1907,0,5,534,1373,44.77
yolo26n,8,75,60,60.32,0.0,0.0,,,1907,0,1,534,1373,59.7
yolo26n,8,75,75,75.38,0.0,0.0,,,1907,0,0,534,1373,74.67
yolo26n,6,0,0,0.0,0.6311,0.5535,0.6931,0.1824,1907,1097,285,534,1373,0.0
yolo26n,6,0,15,15.33,0.1742,0.0255,0.5723,0.1988,1907,128,41,534,1373,15.11
yolo26n,6,0,30,30.48,0.1161,0.0095,0.4899,0.1809,1907,75,30,534,1373,30.32
yolo26n,6,0,45,45.21,0.0318,0.0015,0.4335,0.0708,1907,19,15,534,1373,45.05
yolo26n,6,0,60,60.32,0.0,0.0,,,1907,0,0,534,1373,60.1
yolo26n,6,0,75,75.38,0.0,0.0,,,1907,0,0,534,1373,75.01
yolo26n,6,15,0,0.0,0.6311,0.5346,0.6893,0.185,1907,1071,275,534,1373,0.0
yolo26n,6,15,15,15.33,0.1835,0.024,0.5899,0.1924,1907,131,53,534,1373,15.03
yolo26n,6,15,30,30.48,0.1124,0.0102,0.5424,0.1566,1907,74,34,534,1373,30.09
yolo26n,6,15,45,45.21,0.0375,0.0,0.4506,0.1236,1907,20,11,534,1373,44.71
yolo26n,6,15,60,60.32,0.0019,0.0,0.3903,,1907,1,0,534,1373,59.69
yolo26n,6,15,75,75.38,0.0,0.0,,,1907,0,0,534,1373,74.72
yolo26n,6,30,0,0.0,0.6404,0.5412,0.6879,0.1829,1907,1085,262,534,1373,0.0
yolo26n,6,30,15,15.33,0.191,0.0335,0.5708,0.2105,1907,148,50,534,1373,14.98
yolo26n,6,30,30,30.48,0.1199,0.0153,0.5456,0.169,1907,85,34,534,1373,30.2
yolo26n,6,30,45,45.21,0.0393,0.0036,0.464,0.1397,1907,26,9,534,1373,45.07
yolo26n,6,30,60,60.32,0.0019,0.0,0.3755,,1907,1,0,534,1373,60.33
yolo26n,6,30,75,75.38,0.0,0.0,,,1907,0,0,534,1373,75.36
yolo26n,6,45,0,0.0,0.5693,0.4508,0.6671,0.1887,1907,923,217,534,1373,0.0
yolo26n,6,45,15,15.33,0.1742,0.0328,0.5635,0.1993,1907,138,53,534,1373,14.78
yolo26n,6,45,30,30.48,0.1067,0.0124,0.5099,0.1673,1907,74,30,534,1373,29.85
yolo26n,6,45,45,45.21,0.03,0.0007,0.4807,0.1642,1907,17,18,534,1373,44.65
yolo26n,6,45,60,60.32,0.0019,0.0,0.2618,,1907,1,0,534,1373,59.83
yolo26n,6,45,75,75.38,0.0,0.0,,,1907,0,0,534,1373,75.0
yolo26n,6,60,0,0.0,0.2865,0.1224,0.5996,0.2016,1907,321,66,534,1373,0.0
yolo26n,6,60,15,15.33,0.0618,0.0095,0.5426,0.1888,1907,46,25,534,1373,15.07
yolo26n,6,60,30,30.48,0.0281,0.0022,0.497,0.1971,1907,18,18,534,1373,30.19
yolo26n,6,60,45,45.21,0.0131,0.0,0.3684,0.109,1907,7,10,534,1373,44.87
yolo26n,6,60,60,60.32,0.0,0.0,,,1907,0,1,534,1373,60.0
yolo26n,6,60,75,75.38,0.0,0.0,,,1907,0,0,534,1373,74.92
yolo26n,6,75,0,0.0,0.0019,0.0,0.7055,,1907,1,2,534,1373,0.0
yolo26n,6,75,15,15.33,0.0,0.0,,,1907,0,0,534,1373,15.09
yolo26n,6,75,30,30.48,0.0,0.0,,,1907,0,2,534,1373,30.15
yolo26n,6,75,45,45.21,0.0,0.0,,,1907,0,1,534,1373,44.77
yolo26n,6,75,60,60.32,0.0,0.0,,,1907,0,1,534,1373,59.7
yolo26n,6,75,75,75.38,0.0,0.0,,,1907,0,0,534,1373,74.67
yolo26n,4,0,0,0.0,0.3427,0.1988,0.6289,0.1924,1907,456,154,534,1373,0.0
yolo26n,4,0,15,15.33,0.0562,0.0036,0.4815,0.1608,1907,35,12,534,1373,15.11
yolo26n,4,0,30,30.48,0.0337,0.0029,0.4505,0.1376,1907,22,8,534,1373,30.32
yolo26n,4,0,45,45.21,0.0019,0.0007,0.4083,0.1419,1907,2,1,534,1373,45.05
yolo26n,4,0,60,60.32,0.0,0.0,,,1907,0,0,534,1373,60.1
yolo26n,4,0,75,75.38,0.0,0.0,,,1907,0,0,534,1373,75.01
yolo26n,4,15,0,0.0,0.3221,0.1799,0.6285,0.1927,1907,419,140,534,1373,0.0
yolo26n,4,15,15,15.33,0.0581,0.0022,0.579,0.1893,1907,34,6,534,1373,15.03
yolo26n,4,15,30,30.48,0.0375,0.0015,0.4915,0.1894,1907,22,8,534,1373,30.09
yolo26n,4,15,45,45.21,0.0075,0.0,0.4015,0.1269,1907,4,1,534,1373,44.71
yolo26n,4,15,60,60.32,0.0,0.0,,,1907,0,0,534,1373,59.69
yolo26n,4,15,75,75.38,0.0,0.0,,,1907,0,0,534,1373,74.72
yolo26n,4,30,0,0.0,0.3502,0.1777,0.6302,0.1913,1907,431,135,534,1373,0.0
yolo26n,4,30,15,15.33,0.0655,0.008,0.5403,0.1972,1907,46,5,534,1373,14.98
yolo26n,4,30,30,30.48,0.0318,0.0022,0.4778,0.1629,1907,20,5,534,1373,30.2
yolo26n,4,30,45,45.21,0.0056,0.0,0.5357,0.095,1907,3,1,534,1373,45.07
yolo26n,4,30,60,60.32,0.0,0.0,,,1907,0,0,534,1373,60.33
yolo26n,4,30,75,75.38,0.0,0.0,,,1907,0,0,534,1373,75.36
yolo26n,4,45,0,0.0,0.2603,0.1311,0.6145,0.1895,1907,319,80,534,1373,0.0
yolo26n,4,45,15,15.33,0.0581,0.0087,0.5495,0.1902,1907,43,12,534,1373,14.78
yolo26n,4,45,30,30.48,0.0375,0.0022,0.4848,0.1514,1907,23,7,534,1373,29.85
yolo26n,4,45,45,45.21,0.0075,0.0,0.4391,0.128,1907,4,2,534,1373,44.65
yolo26n,4,45,60,60.32,0.0,0.0,,,1907,0,0,534,1373,59.83
yolo26n,4,45,75,75.38,0.0,0.0,,,1907,0,0,534,1373,75.0
yolo26n,4,60,0,0.0,0.0918,0.0284,0.5742,0.2033,1907,88,19,534,1373,0.0
yolo26n,4,60,15,15.33,0.0131,0.0,0.6292,0.1492,1907,7,4,534,1373,15.07
yolo26n,4,60,30,30.48,0.0075,0.0,0.4682,0.1108,1907,4,1,534,1373,30.19
yolo26n,4,60,45,45.21,0.0019,0.0,0.4096,,1907,1,1,534,1373,44.87
yolo26n,4,60,60,60.32,0.0,0.0,,,1907,0,0,534,1373,60.0
yolo26n,4,60,75,75.38,0.0,0.0,,,1907,0,0,534,1373,74.92
yolo26n,4,75,0,0.0,0.0019,0.0,0.6753,,1907,1,0,534,1373,0.0
yolo26n,4,75,15,15.33,0.0,0.0,,,1907,0,0,534,1373,15.09
yolo26n,4,75,30,30.48,0.0,0.0,,,1907,0,1,534,1373,30.15
yolo26n,4,75,45,45.21,0.0,0.0,,,1907,0,0,534,1373,44.77
yolo26n,4,75,60,60.32,0.0,0.0,,,1907,0,0,534,1373,59.7
yolo26n,4,75,75,75.38,0.0,0.0,,,1907,0,0,534,1373,74.67
