rho_px,theta_deg,occ_pct_target,occ_pct_actual,recall_hat,recall_nohat,conf_mean,conf_std,n_gt,n_tp,n_fp,n_gt_hat,n_gt_person,occ_pct_box
48,0,0,0.0,0.9738,0.9578,0.803,0.1078,1907,1835,779,534,1373,0.0
48,0,15,15.33,0.7584,0.6737,0.7271,0.1539,1907,1330,866,534,1373,15.11
48,0,30,30.48,0.4794,0.2389,0.6395,0.1787,1907,584,546,534,1373,30.32
48,0,45,45.21,0.2491,0.0561,0.5807,0.1847,1907,210,272,534,1373,45.05
48,0,60,60.32,0.0543,0.0036,0.4897,0.1696,1907,34,62,534,1373,60.1
48,0,75,75.38,0.0037,0.0,0.3462,0.0168,1907,2,6,534,1373,75.01
48,15,0,0.0,0.9719,0.9592,0.8001,0.1124,1907,1836,684,534,1373,0.0
48,15,15,15.33,0.7472,0.6773,0.7204,0.1552,1907,1329,799,534,1373,15.03
48,15,30,30.48,0.4757,0.2294,0.6475,0.1754,1907,569,496,534,1373,30.09
48,15,45,45.21,0.2753,0.067,0.5536,0.187,1907,239,225,534,1373,44.71
48,15,60,60.32,0.0618,0.0036,0.4809,0.1689,1907,38,62,534,1373,59.69
48,15,75,75.38,0.0019,0.0,0.6138,,1907,1,4,534,1373,74.72
48,30,0,0.0,0.9682,0.9395,0.7954,0.1084,1907,1807,761,534,1373,0.0
48,30,15,15.33,0.7734,0.6701,0.7288,0.1427,1907,1333,846,534,1373,14.98
48,30,30,30.48,0.5056,0.2447,0.6519,0.1671,1907,606,580,534,1373,30.2
48,30,45,45.21,0.2285,0.0757,0.5523,0.1751,1907,226,232,534,1373,45.07
48,30,60,60.32,0.0412,0.0051,0.4834,0.1691,1907,29,63,534,1373,60.33
48,30,75,75.38,0.0,0.0,,,1907,0,6,534,1373,75.36
48,45,0,0.0,0.9588,0.9046,0.7609,0.1307,1907,1754,1038,534,1373,0.0
48,45,15,15.33,0.764,0.614,0.6963,0.1603,1907,1251,1415,534,1373,14.78
48,45,30,30.48,0.4438,0.1981,0.6372,0.1724,1907,509,732,534,1373,29.85
48,45,45,45.21,0.1948,0.0452,0.5336,0.172,1907,166,251,534,1373,44.65
48,45,60,60.32,0.0206,0.0007,0.4572,0.1656,1907,12,42,534,1373,59.83
48,45,75,75.38,0.0,0.0,,,1907,0,6,534,1373,75.0
48,60,0,0.0,0.7509,0.5623,0.6721,0.1689,1907,1173,1461,534,1373,0.0
48,60,15,15.33,0.5393,0.2484,0.6243,0.1709,1907,629,1396,534,1373,15.07
48,60,30,30.48,0.1573,0.0488,0.5765,0.1799,1907,151,344,534,1373,30.19
48,60,45,45.21,0.03,0.0058,0.5083,0.1653,1907,24,73,534,1373,44.87
48,60,60,60.32,0.0019,0.0,0.3023,,1907,1,16,534,1373,60.0
48,60,75,75.38,0.0019,0.0,0.5066,,1907,1,3,534,1373,74.92
48,75,0,0.0,0.0356,0.0146,0.5377,0.1761,1907,39,20,534,1373,0.0
48,75,15,15.33,0.0169,0.0022,0.5383,0.1645,1907,12,64,534,1373,15.09
48,75,30,30.48,0.0019,0.0,0.4618,,1907,1,7,534,1373,30.15
48,75,45,45.21,0.0,0.0,,,1907,0,0,534,1373,44.77
48,75,60,60.32,0.0,0.0,,,1907,0,0,534,1373,59.7
48,75,75,75.38,0.0,0.0,,,1907,0,0,534,1373,74.67
32,0,0,0.0,0.9644,0.957,0.7985,0.1107,1907,1829,755,534,1373,0.0
32,0,15,15.33,0.6723,0.6249,0.7128,0.1526,1907,1217,800,534,1373,15.11
32,0,30,30.48,0.412,0.2119,0.6272,0.1728,1907,511,440,534,1373,30.32
32,0,45,45.21,0.1948,0.0539,0.5676,0.1821,1907,178,213,534,1373,45.05
32,0,60,60.32,0.0393,0.0036,0.4829,0.1662,1907,26,47,534,1373,60.1
32,0,75,75.38,0.0037,0.0,0.2875,0.0069,1907,2,5,534,1373,75.01
32,15,0,0.0,0.9644,0.9527,0.7982,0.1084,1907,1823,661,534,1373,0.0
32,15,15,15.33,0.6816,0.6264,0.7061,0.1573,1907,1224,758,534,1373,15.03
32,15,30,30.48,0.4213,0.2105,0.6246,0.1751,1907,514,424,534,1373,30.09
32,15,45,45.21,0.2247,0.0568,0.5482,0.1807,1907,198,183,534,1373,44.71
32,15,60,60.32,0.0449,0.0029,0.4661,0.142,1907,28,48,534,1373,59.69
32,15,75,75.38,0.0019,0.0,0.5115,,1907,1,3,534,1373,74.72
32,30,0,0.0,0.9625,0.9388,0.7912,0.1105,1907,1803,737,534,1373,0.0
32,30,15,15.33,0.7135,0.6402,0.7089,0.1493,1907,1260,845,534,1373,14.98
32,30,30,30.48,0.412,0.2265,0.6388,0.1656,1907,531,515,534,1373,30.2
32,30,45,45.21,0.1685,0.0655,0.5573,0.1729,1907,180,225,534,1373,45.07
32,30,60,60.32,0.03,0.0036,0.488,0.141,1907,21,58,534,1373,60.33
32,30,75,75.38,0.0,0.0,,,1907,0,5,534,1373,75.36
32,45,0,0.0,0.9532,0.8988,0.7593,0.1289,1907,1743,1027,534,1373,0.0
32,45,15,15.33,0.7004,0.5725,0.6865,0.1595,1907,1160,1342,534,1373,14.78
32,45,30,30.48,0.3652,0.1814,0.6266,0.169,1907,444,646,534,1373,29.85
32,45,45,45.21,0.1367,0.0466,0.5216,0.17,1907,137,222,534,1373,44.65
32,45,60,60.32,0.0112,0.0007,0.5115,0.1584,1907,7,40,534,1373,59.83
32,45,75,75.38,0.0,0.0,,,1907,0,6,534,1373,75.0
32,60,0,0.0,0.736,0.5477,0.6709,0.1659,1907,1145,1411,534,1373,0.0
32,60,15,15.33,0.4644,0.228,0.6182,0.1648,1907,561,1284,534,1373,15.07
32,60,30,30.48,0.1273,0.0437,0.5708,0.1686,1907,128,307,534,1373,30.19
32,60,45,45.21,0.0187,0.0066,0.5374,0.159,1907,19,58,534,1373,44.87
32,60,60,60.32,0.0019,0.0,0.2566,,1907,1,12,534,1373,60.0
32,60,75,75.38,0.0019,0.0,0.5006,,1907,1,2,534,1373,74.92
32,75,0,0.0,0.03,0.0117,0.5403,0.1802,1907,32,16,534,1373,0.0
32,75,15,15.33,0.0131,0.0022,0.5239,0.1652,1907,10,44,534,1373,15.09
32,75,30,30.48,0.0019,0.0,0.3818,,1907,1,5,534,1373,30.15
32,75,45,45.21,0.0,0.0,,,1907,0,0,534,1373,44.77
32,75,60,60.32,0.0,0.0,,,1907,0,0,534,1373,59.7
32,75,75,75.38,0.0,0.0,,,1907,0,0,534,1373,74.67
24,0,0,0.0,0.9438,0.9534,0.7932,0.1131,1907,1813,759,534,1373,0.0
24,0,15,15.33,0.5805,0.5645,0.6904,0.1665,1907,1085,757,534,1373,15.11
24,0,30,30.48,0.3408,0.177,0.6115,0.1756,1907,425,370,534,1373,30.32
24,0,45,45.21,0.1536,0.0473,0.5507,0.1745,1907,147,168,534,1373,45.05
24,0,60,60.32,0.03,0.0029,0.476,0.1554,1907,20,34,534,1373,60.1
24,0,75,75.38,0.0,0.0,,,1907,0,5,534,1373,75.01
24,15,0,0.0,0.9532,0.949,0.7916,0.1136,1907,1812,666,534,1373,0.0
24,15,15,15.33,0.588,0.5703,0.6865,0.1648,1907,1097,686,534,1373,15.03
24,15,30,30.48,0.3352,0.1835,0.6083,0.1777,1907,431,359,534,1373,30.09
24,15,45,45.21,0.1592,0.0488,0.5444,0.1792,1907,152,146,534,1373,44.71
24,15,60,60.32,0.0318,0.0029,0.4552,0.1329,1907,21,28,534,1373,59.69
24,15,75,75.38,0.0,0.0,,,1907,0,3,534,1373,74.72
24,30,0,0.0,0.9532,0.9366,0.7862,0.1135,1907,1795,743,534,1373,0.0
24,30,15,15.33,0.6255,0.587,0.6903,0.1589,1907,1140,778,534,1373,14.98
24,30,30,30.48,0.339,0.2054,0.6288,0.1629,1907,463,416,534,1373,30.2
24,30,45,45.21,0.1348,0.059,0.5473,0.1667,1907,153,170,534,1373,45.07
24,30,60,60.32,0.0262,0.0036,0.423,0.137,1907,19,47,534,1373,60.33
24,30,75,75.38,0.0,0.0,,,1907,0,6,534,1373,75.36
24,45,0,0.0,0.9438,0.8944,0.7538,0.1321,1907,1732,1006,534,1373,0.0
24,45,15,15.33,0.6236,0.5208,0.6783,0.1598,1907,1048,1282,534,1373,14.78
24,45,30,30.48,0.3258,0.1646,0.6125,0.17,1907,400,577,534,1373,29.85
24,45,45,45.21,0.0974,0.0444,0.5225,0.1601,1907,113,187,534,1373,44.65
24,45,60,60.32,0.0075,0.0007,0.4408,0.1193,1907,5,32,534,1373,59.83
24,45,75,75.38,0.0,0.0,,,1907,0,3,534,1373,75.0
24,60,0,0.0,0.7154,0.5382,0.6648,0.1675,1907,1121,1345,534,1373,0.0
24,60,15,15.33,0.4064,0.2068,0.6116,0.1627,1907,501,1117,534,1373,15.07
24,60,30,30.48,0.1124,0.0401,0.5457,0.1679,1907,115,261,534,1373,30.19
24,60,45,45.21,0.0169,0.0066,0.5022,0.1688,1907,18,46,534,1373,44.87
24,60,60,60.32,0.0019,0.0,0.3307,,1907,1,14,534,1373,60.0
24,60,75,75.38,0.0019,0.0,0.4661,,1907,1,1,534,1373,74.92
24,75,0,0.0,0.0169,0.0102,0.5487,0.195,1907,23,10,534,1373,0.0
24,75,15,15.33,0.0075,0.0022,0.5497,0.1236,1907,7,28,534,1373,15.09
24,75,30,30.48,0.0,0.0,,,1907,0,2,534,1373,30.15
24,75,45,45.21,0.0,0.0,,,1907,0,0,534,1373,44.77
24,75,60,60.32,0.0,0.0,,,1907,0,0,534,1373,59.7
24,75,75,75.38,0.0,0.0,,,1907,0,0,534,1373,74.67
16,0,0,0.0,0.9157,0.9308,0.7785,0.12,1907,1767,718,534,1373,0.0
16,0,15,15.33,0.4476,0.3977,0.6588,0.1727,1907,785,548,534,1373,15.11
16,0,30,30.48,0.2266,0.1231,0.5883,0.1768,1907,290,203,534,1373,30.32
16,0,45,45.21,0.0824,0.0277,0.538,0.1737,1907,82,87,534,1373,45.05
16,0,60,60.32,0.0206,0.0022,0.4847,0.1499,1907,14,20,534,1373,60.1
16,0,75,75.38,0.0,0.0,,,1907,0,1,534,1373,75.01
16,15,0,0.0,0.9101,0.9243,0.7807,0.1133,1907,1755,638,534,1373,0.0
16,15,15,15.33,0.4363,0.4202,0.6561,0.1656,1907,810,547,534,1373,15.03
16,15,30,30.48,0.2191,0.1296,0.5835,0.1784,1907,295,216,534,1373,30.09
16,15,45,45.21,0.0861,0.0313,0.5389,0.1704,1907,89,88,534,1373,44.71
16,15,60,60.32,0.0206,0.0022,0.4284,0.1142,1907,14,22,534,1373,59.69
16,15,75,75.38,0.0,0.0,,,1907,0,1,534,1373,74.72
16,30,0,0.0,0.9139,0.9228,0.773,0.1195,1907,1755,714,534,1373,0.0
16,30,15,15.33,0.485,0.4465,0.6622,0.165,1907,872,661,534,1373,14.98
16,30,30,30.48,0.2397,0.1508,0.5969,0.1642,1907,335,283,534,1373,30.2
16,30,45,45.21,0.0918,0.0393,0.5414,0.163,1907,103,103,534,1373,45.07
16,30,60,60.32,0.0056,0.0036,0.4687,0.1435,1907,8,22,534,1373,60.33
16,30,75,75.38,0.0,0.0,,,1907,0,6,534,1373,75.36
16,45,0,0.0,0.9007,0.882,0.7403,0.1367,1907,1692,967,534,1373,0.0
16,45,15,15.33,0.4925,0.4064,0.6571,0.1576,1907,821,1048,534,1373,14.78
16,45,30,30.48,0.2097,0.1224,0.5871,0.1633,1907,280,399,534,1373,29.85
16,45,45,45.21,0.0581,0.0328,0.5059,0.1484,1907,76,127,534,1373,44.65
16,45,60,60.32,0.0037,0.0007,0.4594,0.1048,1907,3,21,534,1373,59.83
16,45,75,75.38,0.0,0.0,,,1907,0,3,534,1373,75.0
16,60,0,0.0,0.6423,0.5011,0.6544,0.1644,1907,1031,1136,534,1373,0.0
16,60,15,15.33,0.2959,0.1551,0.5909,0.1656,1907,371,835,534,1373,15.07
16,60,30,30.48,0.0524,0.0248,0.5508,0.162,1907,62,185,534,1373,30.19
16,60,45,45.21,0.0094,0.0058,0.4689,0.1313,1907,13,32,534,1373,44.87
16,60,60,60.32,0.0019,0.0,0.2908,,1907,1,7,534,1373,60.0
16,60,75,75.38,0.0019,0.0,0.373,,1907,1,2,534,1373,74.92
16,75,0,0.0,0.0094,0.0109,0.5105,0.2107,1907,20,5,534,1373,0.0
16,75,15,15.33,0.0112,0.0007,0.3882,0.1312,1907,7,12,534,1373,15.09
16,75,30,30.48,0.0,0.0,,,1907,0,2,534,1373,30.15
16,75,45,45.21,0.0,0.0,,,1907,0,0,534,1373,44.77
16,75,60,60.32,0.0,0.0,,,1907,0,0,534,1373,59.7
16,75,75,75.38,0.0,0.0,,,1907,0,0,534,1373,74.67
12,0,0,0.0,0.8801,0.8857,0.7603,0.1243,1907,1686,624,534,1373,0.0
12,0,15,15.33,0.3221,0.268,0.651,0.1587,1907,540,360,534,1373,15.11
12,0,30,30.48,0.1592,0.0816,0.5623,0.17,1907,197,100,534,1373,30.32
12,0,45,45.21,0.0506,0.0182,0.5432,0.1609,1907,52,50,534,1373,45.05
12,0,60,60.32,0.0094,0.0007,0.4636,0.1621,1907,6,6,534,1373,60.1
12,0,75,75.38,0.0,0.0,,,1907,0,1,534,1373,75.01
12,15,0,0.0,0.8839,0.8864,0.7568,0.1305,1907,1689,631,534,1373,0.0
12,15,15,15.33,0.3483,0.2804,0.6424,0.1613,1907,571,374,534,1373,15.03
12,15,30,30.48,0.1536,0.075,0.571,0.1776,1907,185,121,534,1373,30.09
12,15,45,45.21,0.0506,0.0175,0.5528,0.1447,1907,51,48,534,1373,44.71
12,15,60,60.32,0.0112,0.0007,0.4186,0.0983,1907,7,11,534,1373,59.69
12,15,75,75.38,0.0,0.0,,,1907,0,1,534,1373,74.72
12,30,0,0.0,0.8652,0.8922,0.7532,0.1283,1907,1687,677,534,1373,0.0
12,30,15,15.33,0.3727,0.3103,0.6472,0.1602,1907,625,488,534,1373,14.98
12,30,30,30.48,0.1498,0.1012,0.5755,0.1661,1907,219,168,534,1373,30.2
12,30,45,45.21,0.0543,0.0218,0.5508,0.1569,1907,59,64,534,1373,45.07
12,30,60,60.32,0.0037,0.0029,0.3658,0.0835,1907,6,10,534,1373,60.33
12,30,75,75.38,0.0,0.0,,,1907,0,5,534,1373,75.36
12,45,0,0.0,0.8483,0.8434,0.7229,0.1423,1907,1611,897,534,1373,0.0
12,45,15,15.33,0.3652,0.3052,0.6261,0.1634,1907,614,809,534,1373,14.78
12,45,30,30.48,0.1273,0.0823,0.5542,0.1691,1907,181,262,534,1373,29.85
12,45,45,45.21,0.0318,0.0248,0.4907,0.1537,1907,51,74,534,1373,44.65
12,45,60,60.32,0.0037,0.0007,0.3664,0.1025,1907,3,14,534,1373,59.83
12,45,75,75.38,0.0,0.0,,,1907,0,3,534,1373,75.0
12,60,0,0.0,0.5262,0.4414,0.6334,0.1697,1907,887,892,534,1373,0.0
12,60,15,15.33,0.2191,0.1173,0.5532,0.1539,1907,278,529,534,1373,15.07
12,60,30,30.48,0.0356,0.0204,0.5094,0.1647,1907,47,104,534,1373,30.19
12,60,45,45.21,0.0075,0.0044,0.4276,0.1355,1907,10,21,534,1373,44.87
12,60,60,60.32,0.0,0.0,,,1907,0,5,534,1373,60.0
12,60,75,75.38,0.0,0.0,,,1907,0,2,534,1373,74.92
12,75,0,0.0,0.0037,0.0066,0.5384,0.226,1907,11,2,534,1373,0.0
12,75,15,15.33,0.0056,0.0,0.3129,0.005,1907,3,12,534,1373,15.09
12,75,30,30.48,0.0,0.0,,,1907,0,0,534,1373,30.15
12,75,45,45.21,0.0,0.0,,,1907,0,0,534,1373,44.77
12,75,60,60.32,0.0,0.0,,,1907,0,0,534,1373,59.7
12,75,75,75.38,0.0,0.0,,,1907,0,0,534,1373,74.67
8,0,0,0.0,0.7004,0.7669,0.7086,0.149,1907,1427,499,534,1373,0.0
8,0,15,15.33,0.1985,0.1114,0.5808,0.1763,1907,259,109,534,1373,15.11
8,0,30,30.48,0.0693,0.0364,0.5113,0.1616,1907,87,29,534,1373,30.32
8,0,45,45.21,0.0225,0.0087,0.4274,0.11,1907,24,12,534,1373,45.05
8,0,60,60.32,0.0019,0.0007,0.4373,0.038,1907,2,3,534,1373,60.1
8,0,75,75.38,0.0,0.0,,,1907,0,0,534,1373,75.01
8,15,0,0.0,0.7004,0.7597,0.7125,0.1482,1907,1417,513,534,1373,0.0
8,15,15,15.33,0.2097,0.1209,0.579,0.1735,1907,278,124,534,1373,15.03
8,15,30,30.48,0.0712,0.0291,0.5343,0.1641,1907,78,33,534,1373,30.09
8,15,45,45.21,0.0206,0.0066,0.4795,0.1295,1907,20,16,534,1373,44.71
8,15,60,60.32,0.0019,0.0,0.3388,,1907,1,2,534,1373,59.69
8,15,75,75.38,0.0,0.0,,,1907,0,0,534,1373,74.72
8,30,0,0.0,0.7154,0.7597,0.7095,0.1485,1907,1425,559,534,1373,0.0
8,30,15,15.33,0.1873,0.1537,0.5824,0.1761,1907,311,196,534,1373,14.98
8,30,30,30.48,0.0674,0.0379,0.5352,0.1648,1907,88,47,534,1373,30.2
8,30,45,45.21,0.0262,0.0131,0.5067,0.1607,1907,32,23,534,1373,45.07
8,30,60,60.32,0.0,0.0007,0.2914,,1907,1,2,534,1373,60.33
8,30,75,75.38,0.0,0.0,,,1907,0,2,534,1373,75.36
8,45,0,0.0,0.6723,0.6956,0.6864,0.1535,1907,1314,681,534,1373,0.0
8,45,15,15.33,0.1704,0.1377,0.5883,0.1683,1907,280,327,534,1373,14.78
8,45,30,30.48,0.0524,0.035,0.5392,0.1447,1907,76,73,534,1373,29.85
8,45,45,45.21,0.0206,0.0102,0.4996,0.1491,1907,25,16,534,1373,44.65
8,45,60,60.32,0.0019,0.0007,0.3628,0.0405,1907,2,3,534,1373,59.83
8,45,75,75.38,0.0,0.0,,,1907,0,1,534,1373,75.0
8,60,0,0.0,0.3446,0.2884,0.6064,0.1668,1907,580,428,534,1373,0.0
8,60,15,15.33,0.088,0.0517,0.505,0.164,1907,118,183,534,1373,15.07
8,60,30,30.48,0.0131,0.0087,0.4782,0.1323,1907,19,31,534,1373,30.19
8,60,45,45.21,0.0019,0.0015,0.3878,0.0964,1907,3,7,534,1373,44.87
8,60,60,60.32,0.0,0.0,,,1907,0,2,534,1373,60.0
8,60,75,75.38,0.0,0.0,,,1907,0,0,534,1373,74.92
8,75,0,0.0,0.0019,0.0044,0.4662,0.2244,1907,7,1,534,1373,0.0
8,75,15,15.33,0.0,0.0,,,1907,0,6,534,1373,15.09
8,75,30,30.48,0.0,0.0,,,1907,0,0,534,1373,30.15
8,75,45,45.21,0.0,0.0,,,1907,0,0,534,1373,44.77
8,75,60,60.32,0.0,0.0,,,1907,0,0,534,1373,59.7
8,75,75,75.38,0.0,0.0,,,1907,0,0,534,1373,74.67
6,0,0,0.0,0.5393,0.5462,0.6551,0.1719,1907,1038,309,534,1373,0.0
6,0,15,15.33,0.118,0.0335,0.586,0.1773,1907,109,40,534,1373,15.11
6,0,30,30.48,0.0356,0.0146,0.4779,0.175,1907,39,9,534,1373,30.32
6,0,45,45.21,0.0094,0.0029,0.3924,0.1212,1907,9,7,534,1373,45.05
6,0,60,60.32,0.0019,0.0,0.4024,,1907,1,1,534,1373,60.1
6,0,75,75.38,0.0,0.0,,,1907,0,0,534,1373,75.01
6,15,0,0.0,0.5243,0.5484,0.664,0.1634,1907,1033,314,534,1373,0.0
6,15,15,15.33,0.1199,0.0371,0.5765,0.1812,1907,115,42,534,1373,15.03
6,15,30,30.48,0.0281,0.0109,0.5092,0.1614,1907,30,9,534,1373,30.09
6,15,45,45.21,0.0112,0.0022,0.4015,0.1057,1907,9,11,534,1373,44.71
6,15,60,60.32,0.0,0.0,,,1907,0,1,534,1373,59.69
6,15,75,75.38,0.0,0.0,,,1907,0,0,534,1373,74.72
6,30,0,0.0,0.5543,0.5513,0.6656,0.166,1907,1053,349,534,1373,0.0
6,30,15,15.33,0.1086,0.0554,0.5679,0.1867,1907,134,52,534,1373,14.98
6,30,30,30.48,0.0356,0.0117,0.5632,0.1521,1907,35,12,534,1373,30.2
6,30,45,45.21,0.0112,0.0058,0.5205,0.1612,1907,14,9,534,1373,45.07
6,30,60,60.32,0.0,0.0,,,1907,0,1,534,1373,60.33
6,30,75,75.38,0.0,0.0,,,1907,0,1,534,1373,75.36
6,45,0,0.0,0.5037,0.5018,0.6363,0.168,1907,958,366,534,1373,0.0
6,45,15,15.33,0.1124,0.0583,0.5393,0.1593,1907,140,74,534,1373,14.78
6,45,30,30.48,0.0337,0.0131,0.4801,0.1539,1907,36,11,534,1373,29.85
6,45,45,45.21,0.0094,0.0029,0.5407,0.1053,1907,9,5,534,1373,44.65
6,45,60,60.32,0.0037,0.0,0.2904,0.0036,1907,2,0,534,1373,59.83
6,45,75,75.38,0.0,0.0,,,1907,0,0,534,1373,75.0
6,60,0,0.0,0.2172,0.1515,0.5835,0.1693,1907,324,162,534,1373,0.0
6,60,15,15.33,0.0524,0.0233,0.4806,0.1499,1907,60,52,534,1373,15.07
6,60,30,30.48,0.0131,0.0044,0.4355,0.1212,1907,13,8,534,1373,30.19
6,60,45,45.21,0.0037,0.0015,0.3493,0.0735,1907,4,2,534,1373,44.87
6,60,60,60.32,0.0,0.0,,,1907,0,1,534,1373,60.0
6,60,75,75.38,0.0,0.0,,,1907,0,0,534,1373,74.92
6,75,0,0.0,0.0019,0.0,0.8762,,1907,1,1,534,1373,0.0
6,75,15,15.33,0.0,0.0007,0.3157,,1907,1,3,534,1373,15.09
6,75,30,30.48,0.0,0.0,,,1907,0,0,534,1373,30.15
6,75,45,45.21,0.0,0.0,,,1907,0,0,534,1373,44.77
6,75,60,60.32,0.0,0.0,,,1907,0,0,534,1373,59.7
6,75,75,75.38,0.0,0.0,,,1907,0,0,534,1373,74.67
4,0,0,0.0,0.2622,0.1792,0.5927,0.1805,1907,386,108,534,1373,0.0
4,0,15,15.33,0.0393,0.0073,0.5446,0.1571,1907,31,8,534,1373,15.11
4,0,30,30.48,0.0056,0.0022,0.57,0.1116,1907,6,1,534,1373,30.32
4,0,45,45.21,0.0019,0.0,0.2774,,1907,1,5,534,1373,45.05
4,0,60,60.32,0.0,0.0,,,1907,0,1,534,1373,60.1
4,0,75,75.38,0.0,0.0,,,1907,0,0,534,1373,75.01
4,15,0,0.0,0.2566,0.1799,0.5923,0.1831,1907,384,97,534,1373,0.0
4,15,15,15.33,0.0431,0.0087,0.5746,0.169,1907,35,1,534,1373,15.03
4,15,30,30.48,0.0019,0.0007,0.5997,0.0557,1907,2,2,534,1373,30.09
4,15,45,45.21,0.0,0.0,,,1907,0,3,534,1373,44.71
4,15,60,60.32,0.0,0.0,,,1907,0,1,534,1373,59.69
4,15,75,75.38,0.0,0.0,,,1907,0,0,534,1373,74.72
4,30,0,0.0,0.2547,0.1865,0.5988,0.1771,1907,392,97,534,1373,0.0
4,30,15,15.33,0.0431,0.0124,0.5359,0.1777,1907,40,12,534,1373,14.98
4,30,30,30.48,0.0056,0.0051,0.5395,0.1706,1907,10,2,534,1373,30.2
4,30,45,45.21,0.0,0.0036,0.5517,0.1159,1907,5,3,534,1373,45.07
4,30,60,60.32,0.0,0.0,,,1907,0,0,534,1373,60.33
4,30,75,75.38,0.0,0.0,,,1907,0,0,534,1373,75.36
4,45,0,0.0,0.2022,0.1464,0.5839,0.1803,1907,309,89,534,1373,0.0
4,45,15,15.33,0.0337,0.0095,0.5602,0.1626,1907,31,15,534,1373,14.78
4,45,30,30.48,0.0112,0.0044,0.466,0.1435,1907,12,6,534,1373,29.85
4,45,45,45.21,0.0037,0.0022,0.3776,0.081,1907,5,5,534,1373,44.65
4,45,60,60.32,0.0,0.0,,,1907,0,0,534,1373,59.83
4,45,75,75.38,0.0,0.0,,,1907,0,0,534,1373,75.0
4,60,0,0.0,0.0655,0.035,0.5509,0.1752,1907,83,41,534,1373,0.0
4,60,15,15.33,0.0056,0.0022,0.4061,0.1469,1907,6,5,534,1373,15.07
4,60,30,30.48,0.0019,0.0007,0.3154,0.0283,1907,2,3,534,1373,30.19
4,60,45,45.21,0.0,0.0,,,1907,0,1,534,1373,44.87
4,60,60,60.32,0.0,0.0,,,1907,0,1,534,1373,60.0
4,60,75,75.38,0.0,0.0,,,1907,0,0,534,1373,74.92
4,75,0,0.0,0.0019,0.0,0.8562,,1907,1,1,534,1373,0.0
4,75,15,15.33,0.0,0.0,,,1907,0,2,534,1373,15.09
4,75,30,30.48,0.0,0.0,,,1907,0,0,534,1373,30.15
4,75,45,45.21,0.0,0.0,,,1907,0,0,534,1373,44.77
4,75,60,60.32,0.0,0.0,,,1907,0,0,534,1373,59.7
4,75,75,75.38,0.0,0.0,,,1907,0,0,534,1373,74.67
